match_confidence,odds_api_event_id,odds_api_sport_key,pm_acceptingOrders,pm_awayTeamName,pm_bestAsk,pm_bestBid,pm_clobTokenIds,pm_competitive,pm_conditionId,pm_elapsed,pm_ended,pm_eventDate,pm_event_active,pm_event_endDate,pm_event_id,pm_event_liquidity,pm_event_volume,pm_event_volume1mo,pm_event_volume1wk,pm_event_volume1yr,pm_gameId,pm_groupItemThreshold,pm_groupItemTitle,pm_homeTeamName,pm_lastTradePrice,pm_liquidityClob,pm_live,pm_market_active,pm_market_closed,pm_market_endDate,pm_market_endDateIso,pm_market_id,pm_market_liquidityNum,pm_market_outcomePrices,pm_market_outcomes,pm_market_volume1mo,pm_market_volume1wk,pm_market_volume1yr,pm_market_volumeClob,pm_market_volumeNum,pm_oneDayPriceChange,pm_oneHourPriceChange,pm_oneWeekPriceChange,pm_period,pm_question,pm_score,pm_series_id,pm_series_ticker,pm_spread,pm_startTime,sportsbook_count,sportsbook_outcomes
0.51325,8ed8b23e7b762c34f32f781c5517b73d,basketball_ncaab,True,Clemson Tigers,0.64,0.58,"[""24034598939299529192778312512186516118997128636768290056421448453977286732593"", ""101325053316176728450182697370248614609489240634214619555099482234879977441980""]",0.9880446596186148,0x28492ba52d5f7f8ce03bf3aec6c535073efde7c9b160ce8cece2011aa48e9799,04:34,False,2025-11-15,True,2025-11-15T17:00:00Z,76868,2637.026,43017.326239,38992.26739799999,38992.26739799999,38992.26739799999,68312,0,,Georgetown Hoyas,0.64,2595.126,True,True,False,2025-11-15T17:00:00Z,2025-11-15,672632,2595.126,"[""0.61"", ""0.39""]","[""Clemson Tigers"", ""Georgetown Hoyas""]",36945.59591199999,36945.59591199999,36945.59591199999,38854.838088,38854.838088,-0.125,-0.03,,Q1,Clemson Tigers vs. Georgetown Hoyas,32-26,10470,ncaa-cbb,0.06,2025-11-15T17:00:00Z,1,"[{""name"": ""Clemson Tigers"", ""avg_price_decimal"": 1.01, ""avg_implied_probability"": 0.9900990099009901, ""min_price_decimal"": 1.01, ""max_price_decimal"": 1.01, ""bookmaker_count"": 1}, {""name"": ""North Alabama Lions"", ""avg_price_decimal"": 26.0, ""avg_implied_probability"": 0.038461538461538464, ""min_price_decimal"": 26.0, ""max_price_decimal"": 26.0, ""bookmaker_count"": 1}]"
0.5314768518518518,f47eca457817286f7f1783a13bad8255,basketball_ncaab,True,Stonehill Skyhawks,0.26,0.25,"[""64568251866655594865065327142036233343576283034280355379188097347761619685605"", ""57555486692825276045007939546884237727170956872604684146384759196164449792626""]",0.9993753903810119,0x3bca9b717e0f6f61bd699ff93fb5a81c261a5d6433bcbfb7418a92ce64b73e43,,False,2025-11-15,True,2025-11-15T19:00:00Z,76894,5634.1124,32467.31,32000,32000,32000,69172,0,,Loyola Maryland Greyhounds,0.26,1777.8226,False,True,False,2025-11-15T19:00:00Z,2025-11-15,672658,1777.8226,"[""0.255"", ""0.745""]","[""Stonehill Skyhawks"", ""Loyola Maryland Greyhounds""]",0,0,0,392.31,392.31,-0.26,,,,Stonehill Skyhawks vs. Loyola Maryland Greyhounds,,10470,ncaa-cbb,0.01,2025-11-15T19:00:00Z,0,[]
0.5221666666666667,8ed8b23e7b762c34f32f781c5517b73d,basketball_ncaab,True,East Tennessee State Buccaneers,0.51,0.47,"[""17187482606987833040631713793249993817097819603820771925303515806917030199718"", ""8711019808224034064296790640943380031103768832334100191755264984198218437021""]",0.9999000099990001,0xc1c69ae8c01636f9528f99ea5ce53223715bb73030dbc3f19fc695c538bff6f3,,False,2025-11-15,True,2025-11-15T20:00:00Z,76943,5017.6164,0,0,0,0,69804,0,,North Alabama Lions,,1906.4643,False,True,False,2025-11-15T20:00:00Z,2025-11-15,672707,1906.4643,"[""0.49"", ""0.51""]","[""East Tennessee State Buccaneers"", ""North Alabama Lions""]",0,0,0,0,0,-0.005,,,,East Tennessee State Buccaneers vs. North Alabama Lions,,10470,ncaa-cbb,0.04,2025-11-15T20:00:00Z,1,"[{""name"": ""Clemson Tigers"", ""avg_price_decimal"": 1.01, ""avg_implied_probability"": 0.9900990099009901, ""min_price_decimal"": 1.01, ""max_price_decimal"": 1.01, ""bookmaker_count"": 1}, {""name"": ""North Alabama Lions"", ""avg_price_decimal"": 26.0, ""avg_implied_probability"": 0.038461538461538464, ""min_price_decimal"": 26.0, ""max_price_decimal"": 26.0, ""bookmaker_count"": 1}]"
0.5134313725490196,5b06a0f229c4f89ef0b749fdd8df26ce,basketball_ncaab,True,Defiance Yellow Jackets,0.93,0.06,"[""13519250181494211016348474115716508010389589030541961552133452114566543466679"", ""106154587223357911086078746582432270544147133545208127264025492292984236815301""]",0.11998800119988001,0x9c01014dad340e87427b5e8f9c0993b3376f4de8a435ac3095cc7a577bf7aa76,,False,2025-11-15,True,2025-11-15T20:00:00Z,76965,17.1495,32375.06,32375.06,32375.06,32375.06,71034,0,,Oakland Golden Grizzlies,,17.2495,False,True,False,2025-11-15T20:00:00Z,2025-11-15,672729,17.2495,"[""0.495"", ""0.505""]","[""Defiance Yellow Jackets"", ""Oakland Golden Grizzlies""]",32375.06,32375.06,32375.06,32375.06,32375.06,0.055,0.03,,,Defiance Yellow Jackets vs. Oakland Golden Grizzlies,,10470,ncaa-cbb,0.87,2025-11-15T20:00:00Z,4,"[{""name"": ""Oakland Golden Grizzlies"", ""avg_price_decimal"": 6.925000000000001, ""avg_implied_probability"": 0.144874824929972, ""min_price_decimal"": 6.4, ""max_price_decimal"": 7.5, ""bookmaker_count"": 4}, {""name"": ""UCF Knights"", ""avg_price_decimal"": 1.1061868686868688, ""avg_implied_probability"": 0.9040352504638219, ""min_price_decimal"": 1.1, ""max_price_decimal"": 1.1136363636363635, ""bookmaker_count"": 4}]"
0.525649921594982,28d9dd0bc288ca5abbde0d90bc374006,basketball_ncaab,True,Southern Utah Thunderbirds,0.23,0.19,"[""9826829836267628965622071001588700683167630354962233995810826864549576008782"", ""1781315445745645014796258646408712011707305193482795417544638519344588102649""]",0.9224241306152569,0x5d373066e118b9ccc7f0dc7e9d1e9f4dfec18c41bdd13c41c35132da1b168fe9,,False,2025-11-15,True,2025-11-16T01:00:00Z,76910,1162.355,0,0,0,0,69787,0,,Omaha Mavericks,,1138.355,False,True,False,2025-11-16T01:00:00Z,2025-11-16,672674,1138.355,"[""0.21"", ""0.79""]","[""Southern Utah Thunderbirds"", ""Omaha Mavericks""]",0,0,0,0,0,-0.31,,,,Southern Utah Thunderbirds vs. Omaha Mavericks,,10470,ncaa-cbb,0.04,2025-11-16T01:00:00Z,1,"[{""name"": ""Gonzaga Bulldogs"", ""avg_price_decimal"": 1.01, ""avg_implied_probability"": 0.9900990099009901, ""min_price_decimal"": 1.01, ""max_price_decimal"": 1.01, ""bookmaker_count"": 1}, {""name"": ""Southern Utah Thunderbirds"", ""avg_price_decimal"": 34.0, ""avg_implied_probability"": 0.029411764705882353, ""min_price_decimal"": 34.0, ""max_price_decimal"": 34.0, ""bookmaker_count"": 1}]"
0.5088761261261261,99a0a3e132f652c9bf812cfb70737acf,basketball_ncaab,True,Kent State Golden Flashes,0.93,0.09,"[""105147868923364611549415451724079428092944226841291513980367890344861454185543"", ""36176845105707565616374951887385172110186910230340819045766375502936031467628""]",0.15998400159984003,0x50137098b54abfbc3a0c82b129c2930ca4240eb83332b872611b928309b4a7c1,,False,2025-11-16,True,2025-11-16T17:00:00Z,77755,62.5922,0,0,0,0,69808,0,,Wright State Raiders,,62.5922,False,True,False,2025-11-16T17:00:00Z,2025-11-16,674343,62.5922,"[""0.51"", ""0.49""]","[""Kent State Golden Flashes"", ""Wright State Raiders""]",0,0,0,0,0,0.02,,,,Kent State Golden Flashes vs. Wright State Raiders,,10470,ncaa-cbb,0.84,2025-11-16T17:00:00Z,0,[]
0.5049825087456272,8ed8b23e7b762c34f32f781c5517b73d,basketball_ncaab,True,Stetson Hatters,0.92,0.06,"[""111091248157248143514247199466414879962409616299307533524002656064192327626049"", ""44255357692504492670980970740521237665840894106918481435082412091485660575568""]",0.13998600139986,0x6c2960d9b6d2eb1107822680596c4f637b3b015ce68196e8b845a9761f55f48d,,False,2025-11-16,True,2025-11-16T18:00:00Z,77761,60.5422,0,0,0,0,70638,0,,Western Carolina Catamounts,,60.5422,False,True,False,2025-11-16T18:00:00Z,2025-11-16,674349,60.5422,"[""0.49"", ""0.51""]","[""Stetson Hatters"", ""Western Carolina Catamounts""]",0,0,0,0,0,-0.02,,,,Stetson Hatters vs. Western Carolina Catamounts,,10470,ncaa-cbb,0.86,2025-11-16T18:00:00Z,1,"[{""name"": ""Clemson Tigers"", ""avg_price_decimal"": 1.01, ""avg_implied_probability"": 0.9900990099009901, ""min_price_decimal"": 1.01, ""max_price_decimal"": 1.01, ""bookmaker_count"": 1}, {""name"": ""North Alabama Lions"", ""avg_price_decimal"": 26.0, ""avg_implied_probability"": 0.038461538461538464, ""min_price_decimal"": 26.0, ""max_price_decimal"": 26.0, ""bookmaker_count"": 1}]"
0.5401292105683269,11d3bd212469f672fe51888fff68873c,basketball_ncaab,True,Bryant Bulldogs,0.93,0.1,"[""107698005889326147168742360547412074943916805517123517122279485905123161351861"", ""51120164966022322575250587746837361112091526886564439724801399274515853249164""]",0.16996175860431403,0xcf9f93908f004d1c5f9458a1068236785d1ae0a684b4d67264e815253ab39825,,False,2025-11-16,True,2025-11-16T18:00:00Z,77738,59.6931,0,0,0,0,69279,0,,Valparaiso Beacons,,59.6931,False,True,False,2025-11-16T18:00:00Z,2025-11-16,674327,59.6931,"[""0.515"", ""0.485""]","[""Bryant Bulldogs"", ""Valparaiso Beacons""]",0,0,0,0,0,0.025,,,,Bryant Bulldogs vs. Valparaiso Beacons,,10470,ncaa-cbb,0.83,2025-11-16T18:00:00Z,4,"[{""name"": ""Charleston Cougars"", ""avg_price_decimal"": 1.3817522100540969, ""avg_implied_probability"": 0.7238828670796873, ""min_price_decimal"": 1.3496503496503496, ""max_price_decimal"": 1.4, ""bookmaker_count"": 4}, {""name"": ""Drake Bulldogs"", ""avg_price_decimal"": 3.0875, ""avg_implied_probability"": 0.3240307051782461, ""min_price_decimal"": 3.0, ""max_price_decimal"": 3.15, ""bookmaker_count"": 4}]"
0.5100971673254282,d29740119c7133257983b1515da56911,basketball_ncaab,True,Charlotte 49ers,0.38,0.06,"[""89032974584154403572294761082795377630935349102048416328606005431932481578867"", ""78210152225811000429336691397785131743618773256501108737483559240336692017457""]",0.6305637982195846,0x613d5d18a6404a2f5577b41177d3727fec6ae608dd7caa3ebae498ae50e4f0d8,,False,2025-11-16,True,2025-11-16T19:00:00Z,77727,234.4632,0,0,0,0,68761,0,,Virginia Tech Hokies,,202.0032,False,True,False,2025-11-16T19:00:00Z,2025-11-16,674315,202.0032,"[""0.22"", ""0.78""]","[""Charlotte 49ers"", ""Virginia Tech Hokies""]",0,0,0,0,0,-0.28,-0.035,,,Charlotte 49ers vs. Virginia Tech Hokies,,10470,ncaa-cbb,0.32,2025-11-16T19:00:00Z,2,"[{""name"": ""Lafayette Leopards"", ""avg_price_decimal"": 22.0, ""avg_implied_probability"": 0.04631578947368421, ""min_price_decimal"": 19.0, ""max_price_decimal"": 25.0, ""bookmaker_count"": 2}, {""name"": ""West Virginia Mountaineers"", ""avg_price_decimal"": 1.0150000000000001, ""avg_implied_probability"": 0.9852455833818676, ""min_price_decimal"": 1.01, ""max_price_decimal"": 1.02, ""bookmaker_count"": 2}]"
0.5073436916759985,33a58233d16277ee0f982931b22f4ba6,basketball_ncaab,True,South Florida Bulls,0.92,0.07,"[""58040422576343044676777634411269067171320751895564926539067153344588068258286"", ""111284134013972391923022747626414326088101282008725532519536364671898972371923""]",0.14999625009374765,0xf33c6d944523407cb49b4dc84a1b3fa65ab68b31b4728acbf0edb1179ff94a02,,False,2025-11-16,True,2025-11-16T19:00:00Z,77769,59.3197,0,0,0,0,71040,0,,Kennesaw State Owls,,59.3197,False,True,False,2025-11-16T19:00:00Z,2025-11-16,674357,59.3197,"[""0.495"", ""0.505""]","[""South Florida Bulls"", ""Kennesaw State Owls""]",0,0,0,0,0,,,,,South Florida Bulls vs. Kennesaw State Owls,,10470,ncaa-cbb,0.85,2025-11-16T19:00:00Z,2,"[{""name"": ""Tennessee Tech Golden Eagles"", ""avg_price_decimal"": 1.5798319327731094, ""avg_implied_probability"": 0.632996632996633, ""min_price_decimal"": 1.5714285714285714, ""max_price_decimal"": 1.5882352941176472, ""bookmaker_count"": 2}, {""name"": ""West Georgia Wolves"", ""avg_price_decimal"": 2.38, ""avg_implied_probability"": 0.42016806722689076, ""min_price_decimal"": 2.38, ""max_price_decimal"": 2.38, ""bookmaker_count"": 2}]"
0.5249999999999999,a4bed65f2ef35847ad7290af7eef8f98,basketball_ncaab,True,Samford Bulldogs,0.93,0.07,"[""102382972653054150930163759040857444008462616966012454492267276328837674886870"", ""27655118958802095618745480717680808072863239203046009880033356594098217464064""]",0.14,0xbf51c76e8837d7cdd399e3d0b7a7a2be3d1dd23f27429a19f09fbfe4655897cb,,False,2025-11-16,True,2025-11-16T19:00:00Z,77759,59.1416,0,0,0,0,70584,0,,Central Arkansas Bears,,59.1416,False,True,False,2025-11-16T19:00:00Z,2025-11-16,674347,59.1416,"[""0.5"", ""0.5""]","[""Samford Bulldogs"", ""Central Arkansas Bears""]",0,0,0,0,0,0.01,,,,Samford Bulldogs vs. Central Arkansas Bears,,10470,ncaa-cbb,0.86,2025-11-16T19:00:00Z,0,[]
0.5149564459930314,8f52318996d493d50201ea4eac38f08f,basketball_ncaab,True,Western Michigan Broncos,0.92,0.08,"[""91841016271635544440371424277111677746484868215599291131630098039881072567855"", ""68738506960336783073155708012472142381596068629827046427015463590207379342748""]",0.16,0x7ade665f8310d45413ab1eb21598b601ad4608d1a485227581d462c1d1a8c4e3,,False,2025-11-16,True,2025-11-16T19:00:00Z,77707,60.7416,0,0,0,0,67833,0,,South Dakota Coyotes,,60.7416,False,True,False,2025-11-16T19:00:00Z,2025-11-16,674295,60.7416,"[""0.5"", ""0.5""]","[""Western Michigan Broncos"", ""South Dakota Coyotes""]",0,0,0,0,0,-0.005,,,,Western Michigan Broncos vs. South Dakota Coyotes,,10470,ncaa-cbb,0.84,2025-11-16T19:00:00Z,4,"[{""name"": ""North Dakota St Bison"", ""avg_price_decimal"": 2.035, ""avg_implied_probability"": 0.4914514586322334, ""min_price_decimal"": 2.0, ""max_price_decimal"": 2.05, ""bookmaker_count"": 4}, {""name"": ""Southern Illinois Salukis"", ""avg_price_decimal"": 1.793798449612403, ""avg_implied_probability"": 0.5574963609898108, ""min_price_decimal"": 1.7751937984496124, ""max_price_decimal"": 1.8, ""bookmaker_count"": 4}]"
0.5165489130434782,ea47ca28466133f25c14a94a9bb9f040,basketball_ncaab,True,Radford Highlanders,0.93,0.06,"[""19325239144222799728766478033682207231144518598657023993012125596702127119619"", ""76776912537182664829823646609375099948108248414279425594590480964669318277556""]",0.12999675008124797,0x172749c7f8cac1f37c39f57f3d9a89dc965111c51b1c0e3279fb4ef8c95c3271,,False,2025-11-16,True,2025-11-16T19:30:00Z,77765,58.9597,0,0,0,0,70870,0,,Cleveland State Vikings,,58.9597,False,True,False,2025-11-16T19:30:00Z,2025-11-16,674353,58.9597,"[""0.495"", ""0.505""]","[""Radford Highlanders"", ""Cleveland State Vikings""]",0,0,0,0,0,-0.025,,,,Radford Highlanders vs. Cleveland State Vikings,,10470,ncaa-cbb,0.87,2025-11-16T19:30:00Z,3,"[{""name"": ""CSU Bakersfield Roadrunners"", ""avg_price_decimal"": 3.4166666666666665, ""avg_implied_probability"": 0.2933014755197854, ""min_price_decimal"": 3.2, ""max_price_decimal"": 3.55, ""bookmaker_count"": 3}, {""name"": ""Portland St Vikings"", ""avg_price_decimal"": 1.324881275440977, ""avg_implied_probability"": 0.7551176792556102, ""min_price_decimal"": 1.2985074626865671, ""max_price_decimal"": 1.3636363636363638, ""bookmaker_count"": 3}]"
0.5348845223063973,11d3bd212469f672fe51888fff68873c,basketball_ncaab,True,Houston Cougars,0.87,0.59,"[""72901164810869674180193085331652086376744845149302101203843671450762031721808"", ""14336045968570211618987439988668543972053585828366297623016274850365616142404""]",0.6838256244657612,0x7a24955ca1cfb83f47d6a558bfe5568e77188373341101fa482f5dafab1fbe0d,,False,2025-11-16,True,2025-11-16T20:00:00Z,77704,1694.4736,0,0,0,0,67717,0,,Auburn Tigers,,1694.4736,False,True,False,2025-11-16T20:00:00Z,2025-11-16,674292,1694.4736,"[""0.73"", ""0.27""]","[""Houston Cougars"", ""Auburn Tigers""]",0,0,0,0,0,0.15,-0.015,,,Houston Cougars vs. Auburn Tigers,,10470,ncaa-cbb,0.28,2025-11-16T20:00:00Z,4,"[{""name"": ""Charleston Cougars"", ""avg_price_decimal"": 1.3817522100540969, ""avg_implied_probability"": 0.7238828670796873, ""min_price_decimal"": 1.3496503496503496, ""max_price_decimal"": 1.4, ""bookmaker_count"": 4}, {""name"": ""Drake Bulldogs"", ""avg_price_decimal"": 3.0875, ""avg_implied_probability"": 0.3240307051782461, ""min_price_decimal"": 3.0, ""max_price_decimal"": 3.15, ""bookmaker_count"": 4}]"
0.5030833333333333,fc2a2056cb82c03acf34ff9c675a0020,basketball_ncaab,True,Presbyterian Blue Hose,0.9,0.11,"[""87710750917996949038505784288456179996093788313907183149340545534052881363466"", ""66081363312394364478746968893214707092666712448776384794576869283821197042328""]",0.20999475013124672,0x003f4890f22e17111fbb76b0c1b1ad7672c8950e67ad5dfbc3003c847d436223,,False,2025-11-16,True,2025-11-16T21:00:00Z,77771,106.7309,0,0,0,0,71041,0,,Sacramento State Hornets,,106.7309,False,True,False,2025-11-16T21:00:00Z,2025-11-16,674359,106.7309,"[""0.505"", ""0.495""]","[""Presbyterian Blue Hose"", ""Sacramento State Hornets""]",0,0,0,0,0,0.005,,,,Presbyterian Blue Hose vs. Sacramento State Hornets,,10470,ncaa-cbb,0.79,2025-11-16T21:00:00Z,2,"[{""name"": ""Alabama St Hornets"", ""avg_price_decimal"": 13.75, ""avg_implied_probability"": 0.07333333333333333, ""min_price_decimal"": 12.5, ""max_price_decimal"": 15.0, ""bookmaker_count"": 2}, {""name"": ""Colorado Buffaloes"", ""avg_price_decimal"": 1.0225, ""avg_implied_probability"": 0.9780009564801531, ""min_price_decimal"": 1.02, ""max_price_decimal"": 1.025, ""bookmaker_count"": 2}]"
0.5012407031778228,8f52318996d493d50201ea4eac38f08f,basketball_ncaab,True,Loras Duhawks,0.09,0.02,"[""11474931696368585195231639310327848749387768763732394715849749995671894754790"", ""99936409710744128902220857340318086882174710000375408278804615225779246032018""]",0.8347071221385196,0xa6e4652cedb55701394db9134cffbc04d0b8e0bd6f456897f32e05ab09797e10,,False,2025-11-16,True,2025-11-16T21:00:00Z,77775,105.5872,95,95,95,95,72060,0,,Southern Indiana Screaming Eagles,,105.5872,False,True,False,2025-11-16T21:00:00Z,2025-11-16,674363,105.5872,"[""0.055"", ""0.945""]","[""Loras Duhawks"", ""Southern Indiana Screaming Eagles""]",95,95,95,95,95,-0.445,,,,Loras Duhawks vs. Southern Indiana Screaming Eagles,,10470,ncaa-cbb,0.07,2025-11-16T21:00:00Z,4,"[{""name"": ""North Dakota St Bison"", ""avg_price_decimal"": 2.035, ""avg_implied_probability"": 0.4914514586322334, ""min_price_decimal"": 2.0, ""max_price_decimal"": 2.05, ""bookmaker_count"": 4}, {""name"": ""Southern Illinois Salukis"", ""avg_price_decimal"": 1.793798449612403, ""avg_implied_probability"": 0.5574963609898108, ""min_price_decimal"": 1.7751937984496124, ""max_price_decimal"": 1.8, ""bookmaker_count"": 4}]"
0.5079824561403508,8ed8b23e7b762c34f32f781c5517b73d,basketball_ncaab,True,UNLV Runnin' Rebels,0.59,0.07,"[""109376942745013298057114520224583667137070174869368999996911739960910416375827"", ""110375475956539276341640303434466083463797973096875065585434977911650133745266""]",0.46651764019827,0xae9a138eda6e5957c4cc211210209191b11f378dffad38b592b3169db01649e8,,False,2025-11-16,True,2025-11-16T22:00:00Z,77735,67.3355,0,0,0,0,69239,0,,Memphis Tigers,,228.2055,False,True,False,2025-11-16T22:00:00Z,2025-11-16,674324,228.2055,"[""0.33"", ""0.67""]","[""UNLV Runnin' Rebels"", ""Memphis Tigers""]",0,0,0,0,0,-0.15,-0.125,,,UNLV Runnin' Rebels vs. Memphis Tigers,,10470,ncaa-cbb,0.52,2025-11-16T22:00:00Z,1,"[{""name"": ""Clemson Tigers"", ""avg_price_decimal"": 1.01, ""avg_implied_probability"": 0.9900990099009901, ""min_price_decimal"": 1.01, ""max_price_decimal"": 1.01, ""bookmaker_count"": 1}, {""name"": ""North Alabama Lions"", ""avg_price_decimal"": 26.0, ""avg_implied_probability"": 0.038461538461538464, ""min_price_decimal"": 26.0, ""max_price_decimal"": 26.0, ""bookmaker_count"": 1}]"
0.509834102395078,fc2a2056cb82c03acf34ff9c675a0020,basketball_ncaab,True,Colorado State Rams,0.92,0.33,"[""59985496928180078071214775621847938991272327285619879203091804447637528348561"", ""62296232024806633650759758600266943294440397426600688424388978211245001748563""]",0.4036923076923077,0x6acef26f38a077ab4b3fd023aaf6071b3b69820a25b77350b3cc6f124d1641a2,,False,2025-11-16,True,2025-11-16T22:00:00Z,77721,350.3396,0,0,0,0,68537,0,,Loyola Chicago Ramblers,,350.3396,False,True,False,2025-11-16T22:00:00Z,2025-11-16,674310,350.3396,"[""0.625"", ""0.375""]","[""Colorado State Rams"", ""Loyola Chicago Ramblers""]",0,0,0,0,0,0.095,0.005,,,Colorado State Rams vs. Loyola Chicago Ramblers,,10470,ncaa-cbb,0.59,2025-11-16T22:00:00Z,2,"[{""name"": ""Alabama St Hornets"", ""avg_price_decimal"": 13.75, ""avg_implied_probability"": 0.07333333333333333, ""min_price_decimal"": 12.5, ""max_price_decimal"": 15.0, ""bookmaker_count"": 2}, {""name"": ""Colorado Buffaloes"", ""avg_price_decimal"": 1.0225, ""avg_implied_probability"": 0.9780009564801531, ""min_price_decimal"": 1.02, ""max_price_decimal"": 1.025, ""bookmaker_count"": 2}]"
0.507194307944308,d29740119c7133257983b1515da56911,basketball_ncaab,True,Mount St. Mary's Mountaineers,0.45,0.04,"[""94737246661230040646467111083093287365774135696400975618586891553372854732164"", ""49411413260079166887609348164326171457798021930025070938662009141499467036190""]",0.5539776061594798,0x4849c21e54342871a6fc1d871ef8786f4cf6478395c75c83a658957e291c54f1,,False,2025-11-16,True,2025-11-16T23:00:00Z,77715,1672.7493,0,0,0,0,68314,0,,Cincinnati Bearcats,,1666.7493,False,True,False,2025-11-16T23:00:00Z,2025-11-16,674303,1666.7493,"[""0.245"", ""0.755""]","[""Mount St. Mary's Mountaineers"", ""Cincinnati Bearcats""]",0,0,0,0,0,-0.235,-0.005,,,Mount St. Mary's Mountaineers vs. Cincinnati Bearcats,,10470,ncaa-cbb,0.41,2025-11-16T23:00:00Z,2,"[{""name"": ""Lafayette Leopards"", ""avg_price_decimal"": 22.0, ""avg_implied_probability"": 0.04631578947368421, ""min_price_decimal"": 19.0, ""max_price_decimal"": 25.0, ""bookmaker_count"": 2}, {""name"": ""West Virginia Mountaineers"", ""avg_price_decimal"": 1.0150000000000001, ""avg_implied_probability"": 0.9852455833818676, ""min_price_decimal"": 1.01, ""max_price_decimal"": 1.02, ""bookmaker_count"": 2}]"
0.5237617021276595,33a58233d16277ee0f982931b22f4ba6,basketball_ncaab,True,Tennessee State Tigers,0.88,0.19,"[""29544554783858151912847945187229171361842509498047833284948921659569146206844"", ""74012216847891785537557610556655348214822959035115323244990764424782837244636""]",0.3096207146245849,0x9ce04f0f8b9cd6f3190a4738c1fa861a02a52fb95b0b321d5695084bb5e0e58c,,False,2025-11-16,True,2025-11-17T00:30:00Z,77753,79.308,0,0,0,0,69807,0,,Western Kentucky Hilltoppers,,79.308,False,True,False,2025-11-17T00:30:00Z,2025-11-17,674341,79.308,"[""0.535"", ""0.465""]","[""Tennessee State Tigers"", ""Western Kentucky Hilltoppers""]",0,0,0,0,0,-0.02,-0.01,,,Tennessee State Tigers vs. Western Kentucky Hilltoppers,,10470,ncaa-cbb,0.69,2025-11-17T00:30:00Z,2,"[{""name"": ""Tennessee Tech Golden Eagles"", ""avg_price_decimal"": 1.5798319327731094, ""avg_implied_probability"": 0.632996632996633, ""min_price_decimal"": 1.5714285714285714, ""max_price_decimal"": 1.5882352941176472, ""bookmaker_count"": 2}, {""name"": ""West Georgia Wolves"", ""avg_price_decimal"": 2.38, ""avg_implied_probability"": 0.42016806722689076, ""min_price_decimal"": 2.38, ""max_price_decimal"": 2.38, ""bookmaker_count"": 2}]"
0.513860294117647,a4bed65f2ef35847ad7290af7eef8f98,basketball_ncaab,True,Miami Hurricanes,0.25,0.06,"[""26950180986051779718842146838016632186185032680438088471895746999202091173790"", ""74669606165594178943641530833730319333148840370869356643146895749409272366090""]",0.8936350841134023,0xc6571d1297681b68537e2cb88de5daac5021374f5d5d4ac493f3f6b12068364b,,False,2025-11-16,True,2025-11-17T01:30:00Z,77702,2467.1886,268,268,268,268,67716,0,,Florida Gators,0.92,2467.1886,False,True,False,2025-11-17T01:30:00Z,2025-11-17,674290,2467.1886,"[""0.155"", ""0.845""]","[""Miami Hurricanes"", ""Florida Gators""]",268,268,268,268,268,-0.38,-0.06,,,Miami Hurricanes vs. Florida Gators,,10470,ncaa-cbb,0.19,2025-11-17T01:30:00Z,0,[]
0.5341583333333333,471ffaffeffd40b0387b1a398fb2f8d9,basketball_nba,True,Trail Blazers,0.62,0.6,"[""38648888075820485429723253353370430809581931356769985794924425338396600422563"", ""1562314458539875609526259380523545455552041862405205611350179304569429577629""]",0.9880446596186148,0x167d0c9a6e84408d30c83e8a028ae3ccd775e897c35b97eaa4ee5d352487d763,,False,2025-11-16,True,2025-11-17T00:30:00Z,77739,12206.5543,4783.062413,4648.4136530000005,4648.4136530000005,4648.4136530000005,20022703,0,,Mavericks,0.62,12206.5543,False,True,False,2025-11-17T00:30:00Z,2025-11-17,674326,12206.5543,"[""0.61"", ""0.39""]","[""Trail Blazers"", ""Mavericks""]",4648.4136530000005,4648.4136530000005,4648.4136530000005,4783.062413,4783.062413,-0.005,,,,Trail Blazers vs. Mavericks,,10345,nba-2026,0.02,2025-11-17T00:30:00Z,8,"[{""name"": ""Dallas Mavericks"", ""avg_price_decimal"": 7.324999999999999, ""avg_implied_probability"": 0.13681025755413476, ""min_price_decimal"": 6.91, ""max_price_decimal"": 8.0, ""bookmaker_count"": 8}, {""name"": ""Minnesota Timberwolves"", ""avg_price_decimal"": 1.1006273801386584, ""avg_implied_probability"": 0.9086009569156999, ""min_price_decimal"": 1.0909090909090908, ""max_price_decimal"": 1.1074113856068744, ""bookmaker_count"": 8}]"
0.5384027777777778,46786832318bce38de2004994026ce66,icehockey_nhl,True,Buffalo Sabres,0.41,0.4,"[""6180315092477469624914349356826977975859234574337166147797715285734983676643"", ""25188022310033825841751154882852263655532589325031832479586365134211165593087""]",0.9999750006249843,0x49eb46fd4cd220bb050481e91b59a295b7de27a11384eac176a1137d6d208bad,,False,2025-11-15,True,2025-11-15T19:00:00Z,61800,211829.1373,231650.849104,198218.86586799982,198218.86586799982,198218.86586799982,30024263,0,,Detroit Red Wings,0.41,143937.25,False,True,False,2025-11-15T19:00:00Z,2025-11-15,639745,143937.25,"[""0.405"", ""0.595""]","[""Sabres"", ""Red Wings""]",193871.6551739998,193871.6551739998,193871.6551739998,227014.756059,227014.756059,-0.015,0.02,-0.13,,Sabres vs. Red Wings,,10346,nhl-2026,0.01,2025-11-16T00:00:00Z,9,"[{""name"": ""Buffalo Sabres"", ""avg_price_decimal"": 2.35, ""avg_implied_probability"": 0.42560484786955294, ""min_price_decimal"": 2.3, ""max_price_decimal"": 2.42, ""bookmaker_count"": 9}, {""name"": ""Edmonton Oilers"", ""avg_price_decimal"": 1.6247709646460344, ""avg_implied_probability"": 0.6155638872411127, ""min_price_decimal"": 1.5952380952380953, ""max_price_decimal"": 1.6451612903225805, ""bookmaker_count"": 9}]"
0.5618149399399399,6163923c75ccb4b63b81a9da88c5383f,icehockey_nhl,True,Boston Bruins,0.41,0.4,"[""96907440223833282316583407835838711745892411542438313526081099289612674412339"", ""3573460693140198004506692264446993106641731821931730256027696224265933358180""]",0.9987764987889834,0xe1cdce110910754499599d9bd14dc9b618074d54df6dad1830281891aeccdb65,,False,2025-11-15,True,2025-11-15T19:00:00Z,61798,266193.5737,23740.846771,14611.964591,14611.964591,14611.964591,30024261,0,,Montreal Canadiens,0.41,159697.3129,False,True,False,2025-11-15T19:00:00Z,2025-11-15,639743,159697.3129,"[""0.405"", ""0.595""]","[""Bruins"", ""Canadiens""]",14184.62621,14184.62621,14184.62621,20873.58839,20873.58839,,,0.01,,Bruins vs. Canadiens,,10346,nhl-2026,0.01,2025-11-16T00:00:00Z,9,"[{""name"": ""Boston Bruins"", ""avg_price_decimal"": 2.54, ""avg_implied_probability"": 0.3938721719379667, ""min_price_decimal"": 2.46, ""max_price_decimal"": 2.63, ""bookmaker_count"": 9}, {""name"": ""Carolina Hurricanes"", ""avg_price_decimal"": 1.5437313285909688, ""avg_implied_probability"": 0.6478668847529168, ""min_price_decimal"": 1.5154639175257731, ""max_price_decimal"": 1.5681818181818183, ""bookmaker_count"": 9}]"
0.5461233660130719,45d54dc6c11d254fd1b64ba6967ef453,icehockey_nhl,True,New Jersey Devils,0.42,0.41,"[""51215512265792585591431229177940285784865732933876996784882029761699943105290"", ""29738156024976751654553561235920396780572995062950044971125126218112665576455""]",0.9996001599360256,0xe32ea54d90b7aa834b828a50e446a9c16436667c95807a8537ac5a803175d87f,,False,2025-11-15,True,2025-11-15T19:00:00Z,61796,271701.3122,59969.664106,56213.07292,56213.07292,56213.07292,30024259,0,,Washington Capitals,0.42,182770.5629,False,True,False,2025-11-15T19:00:00Z,2025-11-15,639741,182770.5629,"[""0.415"", ""0.585""]","[""Devils"", ""Capitals""]",56109.277953,56109.277953,56109.277953,59865.869139,59865.869139,-0.04,,-0.01,,Devils vs. Capitals,,10346,nhl-2026,0.01,2025-11-16T00:00:00Z,9,"[{""name"": ""Los Angeles Kings"", ""avg_price_decimal"": 2.085555555555556, ""avg_implied_probability"": 0.4796067992038927, ""min_price_decimal"": 2.04, ""max_price_decimal"": 2.12, ""bookmaker_count"": 9}, {""name"": ""Washington Capitals"", ""avg_price_decimal"": 1.7764057260202066, ""avg_implied_probability"": 0.5630089063157726, ""min_price_decimal"": 1.7352941176470589, ""max_price_decimal"": 1.8, ""bookmaker_count"": 9}]"
0.5646527777777777,6163923c75ccb4b63b81a9da88c5383f,icehockey_nhl,True,Edmonton Oilers,0.49,0.48,"[""21323190427101950362882333687471782591273466535602753323988800119635624588457"", ""80993158343534814026453837100269221072484451009792156192968213841344441702421""]",0.9997750506136119,0x8712d51094ce32ade0d2f473475f6a12f736b8e3db7d9c4bbf72704daef42b3d,,False,2025-11-15,True,2025-11-15T19:00:00Z,61799,238012.927,173271.570196,143974.67609699993,126964.67609699995,143974.67609699993,30024262,0,,Carolina Hurricanes,0.49,160830.3601,False,True,False,2025-11-15T19:00:00Z,2025-11-15,639744,160830.3601,"[""0.485"", ""0.515""]","[""Oilers"", ""Hurricanes""]",143184.62289499992,126174.62289499993,143184.62289499992,187029.48238,187029.48238,0.06,0.005,0.035,,Oilers vs. Hurricanes,,10346,nhl-2026,0.01,2025-11-16T00:00:00Z,9,"[{""name"": ""Boston Bruins"", ""avg_price_decimal"": 2.54, ""avg_implied_probability"": 0.3938721719379667, ""min_price_decimal"": 2.46, ""max_price_decimal"": 2.63, ""bookmaker_count"": 9}, {""name"": ""Carolina Hurricanes"", ""avg_price_decimal"": 1.5437313285909688, ""avg_implied_probability"": 0.6478668847529168, ""min_price_decimal"": 1.5154639175257731, ""max_price_decimal"": 1.5681818181818183, ""bookmaker_count"": 9}]"
0.5534861111111111,a05fc26e6fd5d6f212d550234fb8bbf3,icehockey_nhl,True,Vancouver Canucks,0.36,0.35,"[""41356745996464445530108933865963914537773458410710105731964670678213325320422"", ""9272318623971734555865929140432186528949698831770135576733315366127305291057""]",0.9794079478954972,0x75eae6069bf296413e3e31b04b75785d0ffeb0f6368bfc3304d657b1f8f5bf34,,False,2025-11-16,True,2025-11-16T17:00:00Z,62234,22604.6207,48507.742187,48071.70945399998,47761.70945399998,48071.70945399998,30024270,0,,Tampa Bay Lightning,0.36,22658.7832,False,True,False,2025-11-16T17:00:00Z,2025-11-16,640515,22658.7832,"[""0.355"", ""0.645""]","[""Canucks"", ""Lightning""]",48071.70945399998,47761.70945399998,48071.70945399998,48507.742187,48507.742187,0.045,-0.02,-0.015,,Canucks vs. Lightning,,10346,nhl-2026,0.01,2025-11-16T22:00:00Z,9,"[{""name"": ""Florida Panthers"", ""avg_price_decimal"": 1.3552688593497804, ""avg_implied_probability"": 0.7379154008240663, ""min_price_decimal"": 1.3389830508474576, ""max_price_decimal"": 1.3703703703703702, ""bookmaker_count"": 9}, {""name"": ""Vancouver Canucks"", ""avg_price_decimal"": 3.2911111111111113, ""avg_implied_probability"": 0.30394330223966876, ""min_price_decimal"": 3.2, ""max_price_decimal"": 3.4, ""bookmaker_count"": 9}]"
